segment_id,crime_incidents,lighting_pct,crowd_density,police_dist_m,hour_of_day,day_of_week,historical_safety,risk_label
1,0,95,90,120,10,1,92,LOW
2,0,92,88,150,14,3,90,LOW
3,1,88,85,200,9,2,87,LOW
4,0,96,92,100,11,4,94,LOW
5,1,90,80,180,8,1,88,LOW
6,0,94,87,130,13,5,91,LOW
7,0,97,93,90,16,3,95,LOW
8,1,85,78,220,10,2,85,LOW
9,0,91,89,160,12,4,89,LOW
10,0,98,95,80,15,1,96,LOW
11,1,87,82,190,9,3,86,LOW
12,0,93,88,140,11,5,92,LOW
13,0,89,84,210,14,2,87,LOW
14,1,86,79,230,8,4,84,LOW
15,0,95,91,110,16,1,93,LOW
16,0,96,94,95,10,3,95,LOW
17,1,84,76,250,13,5,83,LOW
18,0,92,87,145,12,2,90,LOW
19,0,90,86,175,11,4,88,LOW
20,1,88,83,205,9,1,86,LOW
21,2,88,81,185,9,2,85,LOW
22,1,91,86,160,14,1,88,LOW
23,0,94,89,140,15,4,90,LOW
24,1,89,80,220,8,3,85,LOW
25,2,86,77,260,10,5,82,LOW
26,0,97,94,95,11,2,94,LOW
27,1,90,84,175,13,1,87,LOW
28,0,93,88,150,16,4,91,LOW
29,1,87,79,230,9,3,84,LOW
30,2,84,75,280,10,2,80,LOW
31,0,95,92,115,12,5,93,LOW
32,1,88,82,205,14,1,85,LOW
33,0,92,87,145,11,3,89,LOW
34,2,85,76,270,8,4,81,LOW
35,1,90,85,170,15,2,87,LOW
36,0,96,93,100,10,1,94,LOW
37,1,87,80,225,13,5,84,LOW
38,0,94,90,130,11,2,92,LOW
39,2,86,78,255,9,4,82,LOW
40,1,91,86,160,14,3,88,LOW
41,3,65,48,650,21,5,58,MEDIUM
42,2,70,52,580,20,6,62,MEDIUM
43,3,68,45,700,22,4,55,MEDIUM
44,4,62,42,750,23,3,52,MEDIUM
45,2,72,55,600,19,2,60,MEDIUM
46,3,66,47,680,21,1,57,MEDIUM
47,4,60,40,800,22,5,50,MEDIUM
48,2,74,58,550,18,3,63,MEDIUM
49,3,67,44,720,20,4,56,MEDIUM
50,4,63,41,780,23,2,51,MEDIUM
51,2,71,54,620,19,6,61,MEDIUM
52,3,65,46,670,21,1,58,MEDIUM
53,4,61,39,820,22,3,49,MEDIUM
54,2,73,57,570,18,5,63,MEDIUM
55,3,68,43,710,20,2,55,MEDIUM
56,5,58,38,850,23,4,47,MEDIUM
57,2,75,60,540,17,1,65,MEDIUM
58,3,64,44,740,21,6,56,MEDIUM
59,4,62,40,800,22,2,51,MEDIUM
60,2,70,53,610,19,3,61,MEDIUM
61,3,66,46,680,20,5,57,MEDIUM
62,4,60,39,830,23,1,48,MEDIUM
63,2,72,56,590,18,4,62,MEDIUM
64,3,65,43,720,21,2,55,MEDIUM
65,5,57,37,880,22,6,45,MEDIUM
66,2,74,59,555,17,3,64,MEDIUM
67,3,67,44,695,20,5,56,MEDIUM
68,4,61,39,815,23,1,49,MEDIUM
69,2,71,53,625,19,4,61,MEDIUM
70,3,64,45,745,21,2,55,MEDIUM
71,4,60,38,840,22,6,48,MEDIUM
72,2,73,57,575,18,3,63,MEDIUM
73,3,65,44,715,20,1,56,MEDIUM
74,5,56,36,895,23,5,44,MEDIUM
75,2,75,61,530,17,4,66,MEDIUM
76,3,66,46,675,21,2,57,MEDIUM
77,4,61,40,805,22,6,49,MEDIUM
78,2,70,54,615,19,3,61,MEDIUM
79,3,67,44,705,20,5,56,MEDIUM
80,4,62,41,775,23,1,51,MEDIUM
81,3,69,51,630,18,2,60,MEDIUM
82,4,63,43,760,21,4,52,MEDIUM
83,2,76,62,510,16,1,67,MEDIUM
84,3,65,44,730,20,6,55,MEDIUM
85,4,60,38,850,22,3,48,MEDIUM
86,2,72,56,595,19,5,62,MEDIUM
87,3,66,45,685,21,2,57,MEDIUM
88,5,55,35,910,23,4,43,MEDIUM
89,2,74,59,560,17,1,64,MEDIUM
90,3,68,45,700,20,6,56,MEDIUM
91,4,62,40,810,22,3,50,MEDIUM
92,2,71,54,620,18,5,61,MEDIUM
93,3,64,43,750,21,2,54,MEDIUM
94,5,56,36,890,23,4,44,MEDIUM
95,2,75,60,540,17,1,66,MEDIUM
96,3,65,45,720,20,6,55,MEDIUM
97,4,61,39,820,22,3,49,MEDIUM
98,2,70,53,615,19,5,61,MEDIUM
99,3,67,44,705,21,2,56,MEDIUM
100,4,63,42,770,23,4,52,MEDIUM
101,7,28,18,1600,23,6,24,HIGH
102,8,22,14,1900,1,5,18,HIGH
103,6,32,20,1400,22,4,28,HIGH
104,9,18,12,2100,0,3,15,HIGH
105,7,26,16,1700,23,6,22,HIGH
106,8,20,13,2000,1,5,16,HIGH
107,6,34,22,1300,22,4,30,HIGH
108,9,16,10,2200,0,3,13,HIGH
109,7,24,15,1800,23,6,20,HIGH
110,10,14,8,2400,1,5,11,HIGH
111,6,30,19,1500,22,4,26,HIGH
112,8,22,13,2000,0,3,17,HIGH
113,7,26,17,1650,23,6,23,HIGH
114,9,18,11,2150,1,5,15,HIGH
115,6,32,20,1400,22,4,28,HIGH
116,10,12,7,2500,0,3,10,HIGH
117,7,28,18,1600,23,6,24,HIGH
118,8,20,12,1950,1,5,16,HIGH
119,6,34,21,1350,22,4,29,HIGH
120,9,16,10,2200,0,3,13,HIGH
121,7,26,16,1700,23,6,22,HIGH
122,10,14,8,2400,1,5,11,HIGH
123,6,30,20,1500,22,4,27,HIGH
124,8,22,14,1900,0,3,18,HIGH
125,7,28,17,1620,23,6,23,HIGH
126,9,18,11,2100,1,5,15,HIGH
127,6,32,21,1380,22,4,29,HIGH
128,10,12,7,2500,0,3,10,HIGH
129,7,24,15,1800,23,6,20,HIGH
130,8,20,13,1980,1,5,17,HIGH
131,6,34,22,1320,22,4,30,HIGH
132,9,16,10,2220,0,3,13,HIGH
133,7,26,16,1680,23,6,22,HIGH
134,10,14,8,2420,1,5,11,HIGH
135,6,30,19,1480,22,4,26,HIGH
136,8,22,14,1880,0,3,18,HIGH
137,7,28,18,1580,23,6,24,HIGH
138,9,18,11,2120,1,5,15,HIGH
139,6,32,20,1420,22,4,28,HIGH
140,10,12,7,2480,0,3,10,HIGH
141,2,82,72,380,10,1,80,LOW
142,1,86,78,300,14,3,84,LOW
143,3,78,65,450,9,2,76,LOW
144,1,88,80,280,11,4,85,LOW
145,2,84,74,350,8,1,81,LOW
146,0,90,85,220,13,5,88,LOW
147,1,87,79,295,16,3,85,LOW
148,2,83,71,390,10,2,80,LOW
149,3,76,63,480,12,4,74,LOW
150,1,89,82,260,15,1,87,LOW
151,4,58,40,860,21,5,47,MEDIUM
152,3,63,44,760,20,4,53,MEDIUM
153,5,54,35,920,22,6,42,MEDIUM
154,3,66,47,690,19,3,57,MEDIUM
155,4,60,39,820,21,1,49,MEDIUM
156,2,73,57,580,18,2,63,MEDIUM
157,3,65,45,720,20,6,55,MEDIUM
158,4,61,40,800,22,4,50,MEDIUM
159,2,72,55,600,19,3,61,MEDIUM
160,3,67,45,700,21,1,56,MEDIUM
161,8,24,15,1820,0,3,19,HIGH
162,7,30,20,1520,23,6,26,HIGH
163,9,16,10,2220,1,5,13,HIGH
164,6,34,22,1360,22,4,30,HIGH
165,10,14,8,2400,0,3,11,HIGH
166,7,26,17,1680,23,6,23,HIGH
167,8,20,12,1960,1,5,16,HIGH
168,6,32,21,1400,22,4,28,HIGH
169,9,18,11,2120,0,3,15,HIGH
170,7,28,18,1600,23,6,24,HIGH
171,0,93,88,140,11,3,90,LOW
172,1,88,82,200,14,1,85,LOW
173,2,85,77,250,9,2,83,LOW
174,0,95,91,115,12,4,92,LOW
175,1,90,84,175,8,1,87,LOW
176,3,63,44,755,21,5,52,MEDIUM
177,4,59,38,845,22,3,47,MEDIUM
178,2,74,58,555,18,2,64,MEDIUM
179,3,66,46,680,20,6,56,MEDIUM
180,4,62,41,775,23,4,51,MEDIUM
181,9,16,10,2200,1,5,13,HIGH
182,7,28,18,1600,23,6,24,HIGH
183,8,22,14,1920,0,3,18,HIGH
184,6,32,20,1440,22,4,28,HIGH
185,10,14,8,2440,1,5,11,HIGH
186,1,91,86,160,10,1,88,LOW
187,2,87,80,210,14,3,84,LOW
188,0,94,90,130,15,5,91,LOW
189,1,89,83,190,9,2,86,LOW
190,3,82,74,310,11,4,80,LOW
191,3,68,48,660,19,2,58,MEDIUM
192,4,63,43,760,21,5,52,MEDIUM
193,2,72,55,605,18,3,62,MEDIUM
194,3,66,46,685,20,1,57,MEDIUM
195,5,56,36,895,22,6,44,MEDIUM
196,8,20,12,1980,0,3,16,HIGH
197,7,26,16,1700,23,6,22,HIGH
198,9,18,11,2100,1,5,15,HIGH
199,6,32,21,1380,22,4,29,HIGH
200,10,14,8,2400,0,3,11,HIGH
201,1,90,85,165,12,1,87,LOW
202,0,95,92,110,10,3,93,LOW
203,2,86,79,225,9,5,83,LOW
204,1,88,82,195,14,2,85,LOW
205,3,80,72,330,11,4,78,LOW
206,4,58,38,860,23,5,47,MEDIUM
207,3,65,45,720,20,1,55,MEDIUM
208,2,73,58,570,18,4,63,MEDIUM
209,3,67,46,690,21,3,57,MEDIUM
210,5,55,35,915,22,6,43,MEDIUM
211,7,28,18,1600,23,4,24,HIGH
212,8,22,13,1940,0,3,17,HIGH
213,6,34,22,1340,22,5,30,HIGH
214,9,18,11,2120,1,6,15,HIGH
215,10,14,8,2420,0,3,11,HIGH
216,0,92,87,145,13,2,89,LOW
217,1,87,80,215,8,1,84,LOW
218,2,84,76,255,15,4,81,LOW
219,0,96,93,100,16,3,94,LOW
220,3,79,70,345,10,5,77,LOW
221,3,62,42,785,22,5,50,MEDIUM
222,4,60,39,815,23,1,49,MEDIUM
223,2,71,54,620,18,4,61,MEDIUM
224,3,66,45,680,20,2,56,MEDIUM
225,5,54,35,920,22,6,42,MEDIUM
226,8,24,15,1820,1,5,19,HIGH
227,7,30,20,1540,23,4,26,HIGH
228,9,16,10,2220,0,3,13,HIGH
229,6,32,20,1420,22,6,28,HIGH
230,10,12,7,2500,1,5,10,HIGH
231,1,89,84,180,11,1,86,LOW
232,0,94,90,125,14,3,92,LOW
233,2,85,77,240,9,2,82,LOW
234,1,91,87,158,12,5,89,LOW
235,3,81,73,315,10,4,79,LOW
236,4,61,40,808,21,3,50,MEDIUM
237,3,65,44,730,20,6,54,MEDIUM
238,2,72,56,595,17,1,62,MEDIUM
239,3,68,47,665,19,5,58,MEDIUM
240,5,57,37,880,22,2,45,MEDIUM
241,7,26,16,1700,23,5,22,HIGH
242,8,22,13,1960,0,4,17,HIGH
243,6,34,21,1360,22,3,29,HIGH
244,9,18,11,2100,1,6,15,HIGH
245,10,14,8,2380,0,5,11,HIGH
246,0,93,89,138,11,2,90,LOW
247,1,88,82,198,15,4,85,LOW
248,2,86,79,222,9,1,83,LOW
249,3,82,75,308,12,3,80,LOW
250,1,90,86,162,14,5,88,LOW
251,3,64,44,745,20,4,54,MEDIUM
252,4,60,39,820,22,2,49,MEDIUM
253,2,72,55,605,18,6,62,MEDIUM
254,3,67,46,685,21,1,57,MEDIUM
255,5,56,36,890,23,3,44,MEDIUM
256,8,22,14,1900,0,5,18,HIGH
257,7,28,18,1600,23,4,24,HIGH
258,9,18,11,2120,1,3,15,HIGH
259,6,32,20,1420,22,6,28,HIGH
260,10,14,8,2400,0,5,11,HIGH
261,1,90,85,165,10,1,87,LOW
262,0,95,92,108,14,3,93,LOW
263,2,87,80,210,9,2,84,LOW
264,3,80,72,335,11,4,78,LOW
265,1,88,83,192,12,5,85,LOW
266,4,59,38,848,23,6,47,MEDIUM
267,3,66,46,678,20,2,57,MEDIUM
268,2,73,57,573,17,4,63,MEDIUM
269,3,65,44,730,21,1,55,MEDIUM
270,5,55,35,918,22,3,43,MEDIUM
271,7,28,18,1620,23,5,24,HIGH
272,8,22,14,1920,0,4,18,HIGH
273,6,34,21,1350,22,6,29,HIGH
274,9,18,11,2130,1,3,15,HIGH
275,10,14,8,2410,0,5,11,HIGH
276,0,94,90,128,13,2,92,LOW
277,1,88,82,202,8,1,85,LOW
278,2,85,77,245,15,4,82,LOW
279,3,79,71,342,10,3,77,LOW
280,1,91,87,155,14,5,89,LOW
281,3,64,44,748,20,6,54,MEDIUM
282,4,61,40,802,22,4,50,MEDIUM
283,2,72,56,598,18,2,62,MEDIUM
284,3,67,45,688,21,1,57,MEDIUM
285,5,56,36,892,23,3,44,MEDIUM
286,8,22,13,1950,0,5,17,HIGH
287,7,28,18,1610,23,4,24,HIGH
288,9,18,11,2110,1,3,15,HIGH
289,6,32,20,1430,22,6,28,HIGH
290,10,14,8,2390,0,5,11,HIGH
291,0,93,89,135,12,2,90,LOW
292,1,89,83,188,9,1,86,LOW
293,2,86,79,218,14,4,83,LOW
294,3,81,74,312,10,3,79,LOW
295,1,90,86,158,15,5,88,LOW
296,4,60,39,822,22,6,49,MEDIUM
297,3,65,44,725,20,2,55,MEDIUM
298,2,73,57,568,17,4,63,MEDIUM
299,3,66,46,682,21,1,57,MEDIUM
300,5,55,35,915,23,3,43,MEDIUM
